CATEGORY ,BIOCYCLE ,BUSINESS ,BUILT ENVIRONMENT,DESIGN ,ECONOMICS,EDUCATION (LEARNING),ENERGY ,FINANCE & LEGAL,GOVERNMENT,MANUFACTURING & ENGINEERING,MATERIALS ,TECHNICAL CYCLE ,TECHNOLOGY,LOCATION
Tags ,Agriculture,Access over ownership,Buildings,Biomimicry,Diversity,Consultancy,Bioenergy,Complementary currencies,Business support schemes,Additive manufacturing,Bio-materials,Leasing,Artificial intelligence,Australia
,Anaerobic digestion,Business models,Cities,Certification,Economic systems,Continuing education,Carbon,Financial solutions,Education & public awareness,Civil engineering,Chemicals,Maintenance,Automation,Belgium
,Biochemical extraction,Change management,Infrastructure,Cradle to cradle,Emerging markets,Creativity,Energy systems,Funding,Fiscal frameworks,Distributed manufacturing,Fibres & textiles,Recovery,Data,Brazil
,Biodiversity,Emerging trends,Regions,Design for disassembly,Employment,Higher education,Fossil fuels,Investment,People & society,Electrical engineering,Material health,Recycling,Electronics,China
,Cascade,Entrepreneurship,Transport,Life cycle assessment,Enablers and system conditions,Online learning,Solar power,,Policy,Manufacturing,Material reutilisation,Refurbishment,Enabling technology,Denmark
,Composting,Incentive structure,Urban farming,Packaging,Financial capital,Primary education,Waste to energy,,Public procurement,Mechanical engineering,Material science,Repair,Information management,France
,Fertiliser,Industrial symbiosis,Urban planning,Product design & innovation,Income & expenditure,Research,Wind power,,Regulatory frameworks,Remanufacturing,Metals,Resource efficiency,Internet of things,Germany
,Food,Management,,Product life extension,Informal economy,Secondary education,,,Resource management,,Plastics & polymers,Resource productivity,Platforms,Hungary
,Land management,Product service systems,,Service design,Macro economics,Systems thinking,,,,,Rare earth metals,Reuse,Tagging and tracking,Iceland
,Nutrients,Retail,,Standardisation,Micro economics,Training,,,,,,Sorting,Telecommunications,Italy
,Regenerative systems,Reverse logistics,,,"Money, debt & banks",,,,,,,,,Luxembourg
,Water,Sharing economy,,,Natural capital,,,,,,,,,Mexico
,,Supply chain,,,Prices & markets,,,,,,,,,Netherlands
,,,,,Resilience,,,,,,,,,Republic of Ireland
,,,,,Social capital,,,,,,,,,Slovenia
,,,,,,,,,,,,,,Spain
,,,,,,,,,,,,,,Sweden
,,,,,,,,,,,,,,Switzerland
,,,,,,,,,,,,,,Sydney
,,,,,,,,,,,,,,Taiwan
,,,,,,,,,,,,,,UAE
,,,,,,,,,,,,,,United Kingdom
,,,,,,,,,,,,,,USA
